659dbe5b0bc9a04efc9a7f23,65a809c85decd5254ee34f91,659dbe5b0bc9a04efc9a7f23
65a809c85decd5254ee34f91,659dbe5b0bc9a04efc9a7f23,659dbe5b0bc9a04efc9a7f23
65a809c85decd5254ee34f91,65a806495decd5254ee34d8c,65992a64d0418d52f379ae10
65a80e485decd5254ee35116,659dbe5b0bc9a04efc9a7f23,65a809c85decd5254ee34f91
659dbe5b0bc9a04efc9a7f23,65a806495decd5254ee34d8c,659dbe5b0bc9a04efc9a7f23
65a809c85decd5254ee34f91,65a806495decd5254ee34d8c,65992a64d0418d52f379ae10
659dbe5b0bc9a04efc9a7f23,65a806495decd5254ee34d8c,65992a64d0418d52f379ae10
659dbe5b0bc9a04efc9a7f23,65a809c85decd5254ee34f91,65a806495decd5254ee34d8c
65a80e485decd5254ee35116,659dbe5b0bc9a04efc9a7f23,65a809c85decd5254ee34f91
65a809c85decd5254ee34f91,659dbe5b0bc9a04efc9a7f23
65a80a425decd5254ee35012E,659fbb3bf368552e145141f4,659dbe5b0bc9a04efc9a7f23
65a80a425decd5254ee35012E,659fbb3bf368552e145141f4,659dbe5b0bc9a04efc9a7f23
65a80a425decd5254ee35012E,65a80e485decd5254ee35116,65992a64d0418d52f379ae10
65a809c85decd5254ee34f91,65a80a425decd5254ee35012E,659fbb3bf368552e145141f4
65a809c85decd5254ee34f91,65a80e485decd5254ee35116,659dbe5b0bc9a04efc9a7f23
65a80a425decd5254ee35012E,65a80e485decd5254ee35116,65992a64d0418d52f379ae10
65a809c85decd5254ee34f91,65a80e485decd5254ee35116,65992a64d0418d52f379ae10
65a809c85decd5254ee34f91,65a80a425decd5254ee35012E,65a80e485decd5254ee35116
65a809c85decd5254ee34f91,65a80a425decd5254ee35012E,65a80e485decd5254ee35116
65a806495decd5254ee34d8c,659dbe5b0bc9a04efc9a7f23,65a80a425decd5254ee35012E
65992ac7d0418d52f379ae19,65b2285369960b315a7f0635
659a603900814fbb91ccd404,65b2296e69960b315a7f07d3
659ee1fd2f75bd9a7e21ccb2,65b22ab769960b315a7f093a
659ede3e2f75bd9a7e21cbbc,65b72a09c5d4b428316e8eb8
65a04d8a8ff4cb6d49fde7f4,65b22ab769960b315a7f093a,65b72af9c5d4b428316e91e8
65b72594c5d4b428316e8538,659dbe5b0bc9a04efc9a7f23
659fb94af368552e145141e7,65b7253bc5d4b428316e8536
65b727c6c5d4b428316e88dd,65b2285369960b315a7f0635